{"cameraMode":{"drawMode":0,"name":"Shaded","section":"Shading Mode"},"sceneLighting":false,"audioPlay":false,"sceneViewState":{"showFog":true,"showMaterialUpdate":true,"showSkybox":false,"showFlares":true,"showImageEffects":true,"showParticleSystems":true},"in2DMode":false,"pivot":{"x":2.7839324474334719,"y":2.525604248046875,"z":-2.3595964908599855},"rotation":{"x":0.07812526822090149,"y":0.7650008797645569,"z":-0.09502698481082916,"w":0.6324114203453064},"size":13.841556549072266,"orthographic":false}