{"cameraMode":{"drawMode":0,"name":"Shaded","section":"Shading Mode"},"sceneLighting":true,"audioPlay":false,"sceneViewState":{"showFog":true,"showMaterialUpdate":true,"showSkybox":false,"showFlares":true,"showImageEffects":true,"showParticleSystems":true},"in2DMode":false,"pivot":{"x":-2.690000057220459,"y":-0.6365753412246704,"z":-0.6700000762939453},"rotation":{"x":0.08981781452894211,"y":0.8664098381996155,"z":-0.16871288418769837,"w":0.4613591134548187},"size":2.101555109024048,"orthographic":false}