{"cameraMode":{"drawMode":0,"name":"Shaded","section":"Shading Mode"},"sceneLighting":true,"audioPlay":false,"sceneViewState":{"showFog":true,"showMaterialUpdate":true,"showSkybox":true,"showFlares":true,"showImageEffects":true,"showParticleSystems":true},"in2DMode":false,"pivot":{"x":-3.7947587966918947,"y":-0.687788724899292,"z":-9.351323127746582},"rotation":{"x":-0.017552945762872697,"y":0.9772254824638367,"z":-0.191802516579628,"w":-0.0893673375248909},"size":12.462031364440918,"orthographic":false}