{"cameraMode":{"drawMode":0,"name":"Shaded","section":"Shading Mode"},"sceneLighting":false,"audioPlay":false,"sceneViewState":{"showFog":true,"showMaterialUpdate":true,"showSkybox":false,"showFlares":true,"showImageEffects":true,"showParticleSystems":true},"in2DMode":false,"pivot":{"x":3.180000066757202,"y":5.909999847412109,"z":4.860000133514404},"rotation":{"x":-0.01134505681693554,"y":-0.979763925075531,"z":-0.0646771565079689,"w":0.19022855162620545},"size":2.8578836917877199,"orthographic":false}