{"cameraMode":{"drawMode":0,"name":"Shaded","section":"Shading Mode"},"sceneLighting":false,"audioPlay":false,"sceneViewState":{"showFog":true,"showMaterialUpdate":true,"showSkybox":false,"showFlares":true,"showImageEffects":true,"showParticleSystems":true},"in2DMode":false,"pivot":{"x":-1.1517062187194825,"y":-5.665737152099609,"z":5.515811920166016},"rotation":{"x":-0.2799065411090851,"y":0.6010726094245911,"z":-0.2367277443408966,"w":-0.7102710604667664},"size":6.858920574188232,"orthographic":false}