{"cameraMode":{"drawMode":0,"name":"Shaded","section":"Shading Mode"},"sceneLighting":false,"audioPlay":false,"sceneViewState":{"showFog":true,"showMaterialUpdate":true,"showSkybox":false,"showFlares":true,"showImageEffects":true,"showParticleSystems":true},"in2DMode":false,"pivot":{"x":0.12704241275787354,"y":0.8302817344665527,"z":-0.010719925165176392},"rotation":{"x":-0.0008528027101419866,"y":-0.6533156037330627,"z":-0.0008341140928678215,"w":0.7572087049484253},"size":3.2373392581939699,"orthographic":false}