{"cameraMode":{"drawMode":0,"name":"Shaded","section":"Shading Mode"},"sceneLighting":true,"audioPlay":false,"sceneViewState":{"showFog":true,"showMaterialUpdate":true,"showSkybox":true,"showFlares":true,"showImageEffects":true,"showParticleSystems":true},"in2DMode":false,"pivot":{"x":-39.23538589477539,"y":-6.593898296356201,"z":26.750032424926759},"rotation":{"x":0.05250813439488411,"y":-0.44900229573249819,"z":0.02641352452337742,"w":0.8916215300559998},"size":55.95908737182617,"orthographic":false}