{"cameraMode":{"drawMode":0,"name":"Shaded","section":"Shading Mode"},"sceneLighting":false,"audioPlay":false,"sceneViewState":{"showFog":true,"showMaterialUpdate":true,"showSkybox":false,"showFlares":true,"showImageEffects":true,"showParticleSystems":true},"in2DMode":false,"pivot":{"x":0.11031734943389893,"y":-0.1068161129951477,"z":-0.05412125587463379},"rotation":{"x":-0.006292953621596098,"y":-0.9851932525634766,"z":-0.04425211250782013,"w":0.16682980954647065},"size":2.5578837394714357,"orthographic":false}