{"cameraMode":{"drawMode":0,"name":"Shaded","section":"Shading Mode"},"sceneLighting":false,"audioPlay":false,"sceneViewState":{"showFog":true,"showMaterialUpdate":true,"showSkybox":false,"showFlares":true,"showImageEffects":true,"showParticleSystems":true},"in2DMode":false,"pivot":{"x":-0.011987686157226563,"y":-2.2178640365600588,"z":-4.971546649932861},"rotation":{"x":0.2586333751678467,"y":0.5581564903259277,"z":-0.18857616186141969,"w":0.7655364871025086},"size":19.634124755859376,"orthographic":false}