{"cameraMode":{"drawMode":0,"name":"Shaded","section":"Shading Mode"},"sceneLighting":false,"audioPlay":false,"sceneViewState":{"showFog":true,"showMaterialUpdate":true,"showSkybox":false,"showFlares":true,"showImageEffects":true,"showParticleSystems":true},"in2DMode":false,"pivot":{"x":-10.694746017456055,"y":7.603239059448242,"z":-0.9526395797729492},"rotation":{"x":-0.00257873279042542,"y":-0.2829064428806305,"z":-0.000767792051192373,"w":0.9591556787490845},"size":18.656845092773439,"orthographic":false}