{"cameraMode":{"drawMode":0,"name":"Shaded","section":"Shading Mode"},"sceneLighting":false,"audioPlay":false,"sceneViewState":{"showFog":true,"showMaterialUpdate":true,"showSkybox":false,"showFlares":true,"showImageEffects":true,"showParticleSystems":true},"in2DMode":false,"pivot":{"x":-37.14225387573242,"y":-15.512935638427735,"z":1.9723308086395264},"rotation":{"x":0.1296340525150299,"y":-0.6967598795890808,"z":0.13024351000785829,"w":0.6933869123458862},"size":43.28266906738281,"orthographic":false}