{"cameraMode":{"drawMode":0,"name":"Shaded","section":"Shading Mode"},"sceneLighting":false,"audioPlay":false,"sceneViewState":{"showFog":true,"showMaterialUpdate":true,"showSkybox":false,"showFlares":true,"showImageEffects":true,"showParticleSystems":true},"in2DMode":false,"pivot":{"x":-5.103000164031982,"y":-1.035236120223999,"z":4.159999847412109},"rotation":{"x":0.14894035458564759,"y":-0.7494056224822998,"z":0.1800256371498108,"w":0.619654655456543},"size":2.669424295425415,"orthographic":false}