{"cameraMode":{"drawMode":0,"name":"Shaded","section":"Shading Mode"},"sceneLighting":false,"audioPlay":false,"sceneViewState":{"showFog":true,"showMaterialUpdate":true,"showSkybox":false,"showFlares":true,"showImageEffects":true,"showParticleSystems":true},"in2DMode":false,"pivot":{"x":-18.23626708984375,"y":-5.153573036193848,"z":7.643916130065918},"rotation":{"x":0.10329295694828034,"y":-0.42219218611717226,"z":0.04840081185102463,"w":0.8993967771530151},"size":22.0,"orthographic":false}