{"cameraMode":{"drawMode":0,"name":"Shaded","section":"Shading Mode"},"sceneLighting":false,"audioPlay":false,"sceneViewState":{"showFog":true,"showMaterialUpdate":true,"showSkybox":false,"showFlares":true,"showImageEffects":true,"showParticleSystems":true},"in2DMode":false,"pivot":{"x":-0.012102127075195313,"y":3.0068275928497316,"z":-1.8010642528533936},"rotation":{"x":0.1131940558552742,"y":-0.8051483631134033,"z":0.1630542129278183,"w":0.5589584708213806},"size":11.44775676727295,"orthographic":false}