{"cameraMode":{"drawMode":0,"name":"Shaded","section":"Shading Mode"},"sceneLighting":false,"audioPlay":false,"sceneViewState":{"showFog":true,"showMaterialUpdate":true,"showSkybox":false,"showFlares":true,"showImageEffects":true,"showParticleSystems":true},"in2DMode":false,"pivot":{"x":-3.0853567123413088,"y":-0.14754998683929444,"z":-11.717748641967774},"rotation":{"x":0.008110841736197472,"y":0.914629340171814,"z":-0.4038604199886322,"w":0.018408559262752534},"size":2.163778066635132,"orthographic":false}