{"cameraMode":{"drawMode":0,"name":"Shaded","section":"Shading Mode"},"sceneLighting":false,"audioPlay":false,"sceneViewState":{"showFog":true,"showMaterialUpdate":true,"showSkybox":false,"showFlares":true,"showImageEffects":true,"showParticleSystems":true},"in2DMode":false,"pivot":{"x":2.5854315757751467,"y":2.720452070236206,"z":-2.3894734382629396},"rotation":{"x":-0.017996322363615037,"y":-0.867742121219635,"z":0.03152715042233467,"w":-0.4957138001918793},"size":12.935935020446778,"orthographic":false}