{"cameraMode":{"drawMode":0,"name":"Shaded","section":"Shading Mode"},"sceneLighting":false,"audioPlay":false,"sceneViewState":{"showFog":true,"showMaterialUpdate":true,"showSkybox":false,"showFlares":true,"showImageEffects":true,"showParticleSystems":true},"in2DMode":false,"pivot":{"x":-24.542818069458009,"y":-7.984255313873291,"z":2.1142354011535646},"rotation":{"x":0.10197959095239639,"y":-0.6666306853294373,"z":0.0927819088101387,"w":0.7325450778007507},"size":27.10212516784668,"orthographic":false}