{"cameraMode":{"drawMode":0,"name":"Shaded","section":"Shading Mode"},"sceneLighting":false,"audioPlay":false,"sceneViewState":{"showFog":true,"showMaterialUpdate":true,"showSkybox":false,"showFlares":true,"showImageEffects":true,"showParticleSystems":true},"in2DMode":false,"pivot":{"x":-20.64542579650879,"y":-4.182531356811523,"z":-1.6868113279342652},"rotation":{"x":0.051872409880161288,"y":-0.7224657535552979,"z":0.054499365389347079,"w":0.6873202323913574},"size":22.81911849975586,"orthographic":false}