{"cameraMode":{"drawMode":0,"name":"Shaded","section":"Shading Mode"},"sceneLighting":false,"audioPlay":false,"sceneViewState":{"showFog":true,"showMaterialUpdate":true,"showSkybox":false,"showFlares":true,"showImageEffects":true,"showParticleSystems":true},"in2DMode":false,"pivot":{"x":-3.959824323654175,"y":-2.671476125717163,"z":-7.273039817810059},"rotation":{"x":0.008110841736197472,"y":0.914629340171814,"z":-0.4038604199886322,"w":0.018408559262752534},"size":5.715767860412598,"orthographic":false}