{"cameraMode":{"drawMode":0,"name":"Shaded","section":"Shading Mode"},"sceneLighting":false,"audioPlay":false,"sceneViewState":{"showFog":true,"showMaterialUpdate":true,"showSkybox":false,"showFlares":true,"showImageEffects":true,"showParticleSystems":true},"in2DMode":false,"pivot":{"x":-4.406685829162598,"y":-4.529056549072266,"z":1.8708035945892335},"rotation":{"x":0.17308944463729859,"y":-0.529583215713501,"z":0.11138208955526352,"w":0.8229201436042786},"size":20.03689193725586,"orthographic":false}