{"cameraMode":{"drawMode":0,"name":"Shaded","section":"Shading Mode"},"sceneLighting":false,"audioPlay":false,"sceneViewState":{"showFog":true,"showMaterialUpdate":true,"showSkybox":false,"showFlares":true,"showImageEffects":true,"showParticleSystems":true},"in2DMode":false,"pivot":{"x":3.130000114440918,"y":-1.6380000114440919,"z":4.869999885559082},"rotation":{"x":0.14454802870750428,"y":0.7006522417068481,"z":-0.14860635995864869,"w":0.682837188243866},"size":6.858920574188232,"orthographic":false}