{"cameraMode":{"drawMode":0,"name":"Shaded","section":"Shading Mode"},"sceneLighting":false,"audioPlay":false,"sceneViewState":{"showFog":true,"showMaterialUpdate":true,"showSkybox":false,"showFlares":true,"showImageEffects":true,"showParticleSystems":true},"in2DMode":false,"pivot":{"x":-0.689149796962738,"y":1.0517287254333497,"z":-5.453097820281982},"rotation":{"x":-0.0006187437102198601,"y":-0.9928070902824402,"z":0.12002471089363098,"w":-0.005120810586959124},"size":14.239533424377442,"orthographic":false}