{"cameraMode":{"drawMode":0,"name":"Shaded","section":"Shading Mode"},"sceneLighting":false,"audioPlay":false,"sceneViewState":{"showFog":true,"showMaterialUpdate":true,"showSkybox":false,"showFlares":true,"showImageEffects":true,"showParticleSystems":true},"in2DMode":false,"pivot":{"x":-0.49604129791259768,"y":2.8592424392700197,"z":-0.7783222198486328},"rotation":{"x":0.043670255690813068,"y":-0.5621926188468933,"z":0.029656050726771356,"w":0.8253743052482605},"size":9.349637985229493,"orthographic":false}