{"cameraMode":{"drawMode":0,"name":"Shaded","section":"Shading Mode"},"sceneLighting":false,"audioPlay":false,"sceneViewState":{"showFog":true,"showMaterialUpdate":false,"showSkybox":false,"showFlares":true,"showImageEffects":true,"showParticleSystems":true},"in2DMode":false,"pivot":{"x":-0.01413726806640625,"y":2.02377986907959,"z":0.0},"rotation":{"x":0.00548517843708396,"y":-0.9944663643836975,"z":0.08404234051704407,"w":0.06491797417402268},"size":2.951992988586426,"orthographic":false}