{"cameraMode":{"drawMode":0,"name":"Shaded","section":"Shading Mode"},"sceneLighting":false,"audioPlay":false,"sceneViewState":{"showFog":true,"showMaterialUpdate":false,"showSkybox":false,"showFlares":true,"showImageEffects":true,"showParticleSystems":true},"in2DMode":false,"pivot":{"x":23.67929458618164,"y":24.51984405517578,"z":83.92977142333985},"rotation":{"x":-0.01786136068403721,"y":0.9819497466087341,"z":-0.10967595875263214,"w":-0.15528102219104768},"size":79.56720733642578,"orthographic":false}