{"cameraMode":{"drawMode":0,"name":"Shaded","section":"Shading Mode"},"sceneLighting":false,"audioPlay":false,"sceneViewState":{"showFog":true,"showMaterialUpdate":false,"showSkybox":false,"showFlares":true,"showImageEffects":true,"showParticleSystems":true},"in2DMode":false,"pivot":{"x":-0.13691258430480958,"y":-0.2737008333206177,"z":1.271885871887207},"rotation":{"x":-0.3498868942260742,"y":0.29769793152809145,"z":-0.11832022666931153,"w":-0.8803196549415588},"size":4.238216876983643,"orthographic":false}