{"cameraMode":{"drawMode":0,"name":"Shaded","section":"Shading Mode"},"sceneLighting":false,"audioPlay":false,"sceneViewState":{"showFog":true,"showMaterialUpdate":false,"showSkybox":false,"showFlares":true,"showImageEffects":true,"showParticleSystems":true},"in2DMode":false,"pivot":{"x":-0.7716522216796875,"y":18.20720672607422,"z":-59.96656036376953},"rotation":{"x":-0.004551997408270836,"y":0.9940152168273926,"z":-0.04506808891892433,"w":-0.0999341532588005},"size":31.843040466308595,"orthographic":false}