{"cameraMode":{"drawMode":0,"name":"Shaded","section":"Shading Mode"},"sceneLighting":false,"audioPlay":false,"sceneViewState":{"showFog":true,"showMaterialUpdate":false,"showSkybox":false,"showFlares":true,"showImageEffects":true,"showParticleSystems":true},"in2DMode":false,"pivot":{"x":10.122352600097657,"y":11.889999389648438,"z":-47.15999984741211},"rotation":{"x":-0.29871195554733279,"y":0.6258914470672607,"z":-0.28201669454574587,"w":-0.6630407571792603},"size":1.5311205387115479,"orthographic":false}