{"cameraMode":{"drawMode":0,"name":"Shaded","section":"Shading Mode"},"sceneLighting":false,"audioPlay":false,"sceneViewState":{"showFog":true,"showMaterialUpdate":false,"showSkybox":false,"showFlares":true,"showImageEffects":true,"showParticleSystems":true},"in2DMode":false,"pivot":{"x":7.329999923706055,"y":-0.5099999904632568,"z":5.539999961853027},"rotation":{"x":-0.005399095825850964,"y":0.9778087139129639,"z":-0.02523711882531643,"w":-0.20810715854167939},"size":5.257884502410889,"orthographic":false}