{"cameraMode":{"drawMode":0,"name":"Shaded","section":"Shading Mode"},"sceneLighting":false,"audioPlay":false,"sceneViewState":{"showFog":true,"showMaterialUpdate":false,"showSkybox":false,"showFlares":true,"showImageEffects":true,"showParticleSystems":true},"in2DMode":false,"pivot":{"x":2.9312667846679689,"y":-1.7319093942642213,"z":4.862918853759766},"rotation":{"x":0.580074667930603,"y":-0.1880723387002945,"z":0.1399763822555542,"w":0.7802737951278687},"size":2.7167792320251467,"orthographic":false}