{"cameraMode":{"drawMode":0,"name":"Shaded","section":"Shading Mode"},"sceneLighting":false,"audioPlay":false,"sceneViewState":{"showFog":true,"showMaterialUpdate":false,"showSkybox":false,"showFlares":true,"showImageEffects":true,"showParticleSystems":true},"in2DMode":false,"pivot":{"x":501.862548828125,"y":389.54541015625,"z":2.8139259815216066},"rotation":{"x":0.02808576263487339,"y":0.08446090668439865,"z":0.0023808274418115618,"w":-0.9960403442382813},"size":440.0698547363281,"orthographic":false}