{"cameraMode":{"drawMode":0,"name":"Shaded","section":"Shading Mode"},"sceneLighting":false,"audioPlay":false,"sceneViewState":{"showFog":true,"showMaterialUpdate":false,"showSkybox":false,"showFlares":true,"showImageEffects":true,"showParticleSystems":true},"in2DMode":false,"pivot":{"x":-0.4261905550956726,"y":-1.2624049186706544,"z":-0.8059310913085938},"rotation":{"x":0.2990909218788147,"y":-0.07861210405826569,"z":0.024732446298003198,"w":0.9506604075431824},"size":13.81781005859375,"orthographic":false}