{"cameraMode":{"drawMode":0,"name":"Shaded","section":"Shading Mode"},"sceneLighting":false,"audioPlay":false,"sceneViewState":{"showFog":true,"showMaterialUpdate":false,"showSkybox":false,"showFlares":true,"showImageEffects":true,"showParticleSystems":true},"in2DMode":false,"pivot":{"x":28.887493133544923,"y":18.018333435058595,"z":89.0998764038086},"rotation":{"x":-0.09187113493680954,"y":0.7982438802719116,"z":-0.12391085177659989,"w":-0.5828713178634644},"size":21.274887084960939,"orthographic":false}