{"cameraMode":{"drawMode":0,"name":"Shaded","section":"Shading Mode"},"sceneLighting":false,"audioPlay":false,"sceneViewState":{"showFog":true,"showMaterialUpdate":false,"showSkybox":false,"showFlares":true,"showImageEffects":true,"showParticleSystems":true},"in2DMode":false,"pivot":{"x":0.13831591606140138,"y":2.1263463497161867,"z":-0.12063217163085938},"rotation":{"x":-0.010061093606054783,"y":0.9890579581260681,"z":-0.08059782534837723,"w":-0.12348097562789917},"size":5.251398086547852,"orthographic":false}