{"cameraMode":{"drawMode":0,"name":"Shaded","section":"Shading Mode"},"sceneLighting":false,"audioPlay":false,"sceneViewState":{"showFog":true,"showMaterialUpdate":false,"showSkybox":true,"showFlares":true,"showImageEffects":true,"showParticleSystems":true},"in2DMode":false,"pivot":{"x":11.95452880859375,"y":36.11077117919922,"z":-27.64872169494629},"rotation":{"x":0.034612562507390979,"y":-0.9677923917770386,"z":0.1791423112154007,"w":0.17850160598754884},"size":13.862255096435547,"orthographic":false}