{"cameraMode":{"drawMode":0,"name":"Shaded","section":"Shading Mode"},"sceneLighting":false,"audioPlay":false,"sceneViewState":{"showFog":true,"showMaterialUpdate":false,"showSkybox":true,"showFlares":true,"showImageEffects":true,"showParticleSystems":true},"in2DMode":false,"pivot":{"x":14.83802318572998,"y":36.93256378173828,"z":-51.039756774902347},"rotation":{"x":0.1320197880268097,"y":-0.8024476170539856,"z":0.18931476771831513,"w":0.5509256720542908},"size":17.816892623901368,"orthographic":false}