{"cameraMode":{"drawMode":0,"name":"Shaded","section":"Shading Mode"},"sceneLighting":false,"audioPlay":false,"sceneViewState":{"showFog":true,"showMaterialUpdate":false,"showSkybox":false,"showFlares":true,"showImageEffects":true,"showParticleSystems":true},"in2DMode":false,"pivot":{"x":-0.2024846076965332,"y":-0.0230027437210083,"z":0.5007374286651611},"rotation":{"x":-0.09649572521448136,"y":0.8026971817016602,"z":-0.13348577916622163,"w":-0.5747801065444946},"size":4.041658401489258,"orthographic":false}