{"cameraMode":{"drawMode":0,"name":"Shaded","section":"Shading Mode"},"sceneLighting":false,"audioPlay":false,"sceneViewState":{"showFog":true,"showMaterialUpdate":false,"showSkybox":true,"showFlares":true,"showImageEffects":true,"showParticleSystems":true},"in2DMode":false,"pivot":{"x":8.35438346862793,"y":22.820457458496095,"z":-39.39813232421875},"rotation":{"x":-0.017236722633242608,"y":0.9912174344062805,"z":-0.12225093692541123,"w":-0.06911960244178772},"size":4.538232803344727,"orthographic":false}