{"cameraMode":{"drawMode":0,"name":"Shaded","section":"Shading Mode"},"sceneLighting":false,"audioPlay":false,"sceneViewState":{"showFog":true,"showMaterialUpdate":false,"showSkybox":true,"showFlares":true,"showImageEffects":true,"showParticleSystems":true},"in2DMode":false,"pivot":{"x":3.5443849563598635,"y":0.8190701603889465,"z":1.2551618814468384},"rotation":{"x":-0.02028125524520874,"y":0.9811508655548096,"z":-0.15599383413791657,"w":-0.12015211582183838},"size":4.538232803344727,"orthographic":false}